,Regressand,Note Min,Tweet Min,P Val,Confidence Int,Coef,Std Error
0,KL_nt,0,0,0.0,"[-0.39123, -0.19076]",-0.291,0.051
1,KL_tn,0,0,0.3481,"[-0.15297, 0.05393]",-0.05,0.053
2,KL_nt,8,8,0.59995,"[-0.24232, 0.14001]",-0.051,0.098
3,KL_tn,8,8,0.58705,"[-0.14735, 0.26032]",0.056,0.104
4,KL_nt,0,8,0.0,"[-0.48458, -0.26974]",-0.377,0.055
5,KL_tn,0,8,0.00045,"[-0.45594, -0.12929]",-0.293,0.083
6,KL_nt,8,0,0.49144,"[-0.21702, 0.10424]",-0.056,0.082
7,KL_tn ,8,0,0.92159,"[-0.10722, 0.11856]",0.006,0.058
