,NClusters,NDims,Score
0,20,100,-0.6764612456210912
1,20,300,-0.6507951806125413
2,20,500,-0.6418442678843022
3,20,768,-0.6382999306625183
4,50,100,-0.7674398191006855
5,50,300,-0.734942823307144
6,50,500,-0.7120769938402699
7,50,768,-0.7320039886225223
8,100,100,-0.8164510464432221
9,100,300,-0.7614150469287578
10,100,500,-0.7328885651002907
11,100,768,-0.7232279296771061
